<?xml version="1.0" encoding="UTF-8"?>
<root>
  <item name="com.liang.library.Corner">
    <annotation name="android.support.annotation.IntDef">
      <val name="value" val="{com.liang.library.Corner.TOP_LEFT, com.liang.library.Corner.TOP_RIGHT, com.liang.library.Corner.BOTTOM_LEFT, com.liang.library.Corner.BOTTOM_RIGHT}" />
    </annotation>
  </item>
  <item name="com.liang.library.RoundedDrawable com.liang.library.RoundedDrawable setCornerRadius(int, float) 0">
    <annotation name="android.support.annotation.IntDef">
      <val name="value" val="{com.liang.library.Corner.TOP_LEFT, com.liang.library.Corner.TOP_RIGHT, com.liang.library.Corner.BOTTOM_LEFT, com.liang.library.Corner.BOTTOM_RIGHT}" />
    </annotation>
  </item>
  <item name="com.liang.library.RoundedDrawable float getCornerRadius(int) 0">
    <annotation name="android.support.annotation.IntDef">
      <val name="value" val="{com.liang.library.Corner.TOP_LEFT, com.liang.library.Corner.TOP_RIGHT, com.liang.library.Corner.BOTTOM_LEFT, com.liang.library.Corner.BOTTOM_RIGHT}" />
    </annotation>
  </item>
  <item name="com.liang.library.RoundedImageView float getCornerRadius(int) 0">
    <annotation name="android.support.annotation.IntDef">
      <val name="value" val="{com.liang.library.Corner.TOP_LEFT, com.liang.library.Corner.TOP_RIGHT, com.liang.library.Corner.BOTTOM_LEFT, com.liang.library.Corner.BOTTOM_RIGHT}" />
    </annotation>
  </item>
  <item name="com.liang.library.RoundedImageView void setCornerRadius(int, float) 0">
    <annotation name="android.support.annotation.IntDef">
      <val name="value" val="{com.liang.library.Corner.TOP_LEFT, com.liang.library.Corner.TOP_RIGHT, com.liang.library.Corner.BOTTOM_LEFT, com.liang.library.Corner.BOTTOM_RIGHT}" />
    </annotation>
  </item>
  <item name="com.liang.library.RoundedImageView void setCornerRadiusDimen(int, int) 0">
    <annotation name="android.support.annotation.IntDef">
      <val name="value" val="{com.liang.library.Corner.TOP_LEFT, com.liang.library.Corner.TOP_RIGHT, com.liang.library.Corner.BOTTOM_LEFT, com.liang.library.Corner.BOTTOM_RIGHT}" />
    </annotation>
  </item>
</root>

